filename,title,category,is_linked,linked_from
blue\derivatives.html,What the Laws Produce | Derivative Families · David Lowe,Standalone,NO,N/A
blue\evolution-probe.html,The Evolution Probe | Three Mathematical Killshots · David Lowe,Standalone,NO,N/A
blue\god-in-the-equations.html,God in the Equations | The Ten Laws · David Lowe,Standalone,YES,index.html
blue\gold-standard-test-battery.html,Gold Standard Test Battery | David Lowe,Standalone,YES,index.html
blue\i-didnt-write-the-math.html,I Didn't Write the Math. I Found It. | David Lowe,Standalone,YES,index.html
blue\index.html,Where All This Came From | David Lowe · Family Briefing,Standalone,NO,N/A
blue\lowe-coherence-lagrangian.html,The Lowe Coherence Lagrangian | David Lowe,Standalone,YES,index.html
blue\math-is-moral.html,Math Is Moral | David Lowe,Standalone,YES,index.html
blue\maxwell-truth-isomorphism.html,Maxwell–Truth Field Isomorphism | David Lowe,Standalone,YES,index.html
blue\six_proofs.html,Six Computational Proofs | David Lowe,Standalone,YES,index.html
blue\the-same-equation.html,The Same Equation | David Lowe,Standalone,YES,index.html
character-of-adversary-from-physics.html,The Character of the Adversary â€” Read from Physics,Standalone,YES,index.html
character-of-god-from-physics.html,The Character of God â€” Read from Physics,Standalone,YES,index.html
consciousness-chi-field-action.html,The Minimal Chi-Field Action | Theophysics Research Program,Consciousness,YES,index.html
consciousness-coherence-bridge.html,The Coherence Bridge — Theophysics Research Program,Consciousness,YES,index.html
consciousness-constraint-argument.html,The Constraint Argument & The Hard Problem at Scale — Theophysics Research Program,Consciousness,YES,index.html
consciousness-evidence-predictions.html,Experimental Evidence and Predictions — Theophysics Research Program,Consciousness,YES,index.html
consciousness-free-will-evil.html,"Consciousness, Free Will, and Evil | Theophysics Research Program",Consciousness,YES,index.html
consciousness-grace-source-term.html,The Grace Source Term — Theophysics Research Program,Consciousness,YES,index.html
consciousness-ontological-taxonomy.html,The Ontological Taxonomy — Theophysics Research Program,Consciousness,YES,index.html
consciousness-parallel-laws.html,Parallel Laws — Physics and Spirit | Theophysics Research Program,Consciousness,YES,index.html
consciousness-reality-assessment.html,The Chi-Field Reality Assessment — Theophysics Research Program,Consciousness,YES,index.html
consciousness-scientific-convergence.html,Consciousness &amp; Scientific Convergence | Theophysics,Consciousness,YES,index.html
cover.html,Genesis to Quantum — Theophysics Research,Standalone,NO,N/A
everybodys-got-it-wrong.html,Everybody's Got It Wrong &mdash; Theophysics,Standalone,YES,index.html
gtq-01-measurement-collapsed-reality.html,Article 01: The Measurement That Collapsed Reality — Genesis to Quantum,Genesis to Quantum,YES,index.html
gtq-02-the-first-quantum-state.html,Article 02: The First Quantum State — Genesis to Quantum,Genesis to Quantum,YES,index.html
gtq-03-free-will-two-frames.html,Article 03: Free Will in Two Frames — Genesis to Quantum,Genesis to Quantum,YES,index.html
gtq-04-the-day-time-began.html,Article 04: The Day Time Began — Genesis to Quantum,Genesis to Quantum,YES,index.html
gtq-05-the-substrate-fractured.html,Article 05: The Substrate Fractured — Genesis to Quantum,Genesis to Quantum,YES,index.html
gtq-07-the-photon-isnt-watching.html,Article 07: Why the Photon Isn't Watching You Back — Genesis to Quantum,Genesis to Quantum,YES,index.html
gtq-08-god-doesnt-need-a-clock.html,Article 08: The Eraser and the Cross — Genesis to Quantum,Genesis to Quantum,YES,index.html
gtq-09-same-god-both-testaments.html,Article 09: The Same God in Both Testaments — Genesis to Quantum,Genesis to Quantum,YES,index.html
gtq-10-the-counter-move.html,Article 10: The Counter-Move — Genesis to Quantum,Genesis to Quantum,YES,index.html
gtq-10a-why-the-pattern-is-the-signal.html,Why the Pattern Is the Signal — Genesis to Quantum,Genesis to Quantum,NO,N/A
heaven-hell-attractor-states.html,Heaven and Hell as Attractor States — Theophysics,Standalone,YES,index.html
holding-god-accountable.html,Holding God Accountable — Theophysics Research Program,Standalone,YES,index.html
index.html,Theophysics — David Lowe,Standalone,NO,N/A
it-from-bit-from-logos.html,IT FROM BIT FROM LOGOS &mdash; Theophysics,Standalone,YES,index.html
moral-decline-01-introduction.html,Introduction & FACTS Framework — The Moral Decline of America,Moral Decline of America,NO,N/A
moral-decline-02-phase-transition.html,The Anatomy of a Phase Transition — The Moral Decline of America,Moral Decline of America,NO,N/A
moral-decline-03-semantic-collapse.html,The Semantic Precursor — How Language Fails First | Moral Decline of America (03/10),Moral Decline of America,NO,N/A
moral-decline-04-cognitive-decline.html,The Cognitive Decline — The Great SAT Score Turnover | Moral Decline of America (04/10),Moral Decline of America,NO,N/A
moral-decline-05-spiritual-collapse.html,The Spiritual &amp; Psychological Collapse | Moral Decline of America (05/10),Moral Decline of America,NO,N/A
moral-decline-06-signal-went-dark.html,The Signal Went Dark &mdash; Institutional Truth Collapse | Moral Decline of America (06/10),Moral Decline of America,NO,N/A
moral-decline-07-phantom-money.html,"Phantom Money, Phantom Morals — Economic Collapse | Moral Decline of America",Moral Decline of America,NO,N/A
moral-decline-08-observer-collapsed.html,The Observer Collapsed — Individual Identity Dissolution | Moral Decline of America,Moral Decline of America,NO,N/A
moral-decline-09-amish-proof.html,The Amish Proof — A Control Group for Coherence | Moral Decline of America,Moral Decline of America,NO,N/A
moral-decline-10-way-back.html,The Way Back — Recovery Physics | Moral Decline of America,Moral Decline of America,NO,N/A
moral-decline-america.html,The Moral Decline of America — Series Index | Theophysics Institute,Moral Decline of America,NO,N/A
moral-decline-facts-paper.html,The Coherence Decay of American Society — FACTS Paper,Moral Decline of America,YES,index.html
moral-decline-of-america.html,The Moral Decline of America — A Trans-Domain Analysis,Moral Decline of America,YES,index.html
moral-decline-SAMPLE.html,The Moral Decline of America (1958–2025) — Sample,Moral Decline of America,NO,N/A
no-drift-law-synthesis.html,No-Drift Law Synthesis â€” Theophysics Master Equation,Standalone,YES,index.html
paper-template.html,LOWE FACTS+UADP v2.0 — Paper Template | Theophysics,Standalone,NO,N/A
salvation-algorithm.html,The Salvation Algorithm â€” A Six-Step Logical Chain,Salvation,YES,index.html
salvation-narrative-10-laws.html,The Salvation Narrative as 10-Law Phase Transition Sequence — Theophysics,Salvation,YES,index.html
salvation-phase-transition.html,Salvation Is a Phase Transition â€” Theophysics,Salvation,YES,index.html
source_markdown\The Constitution\Constitutional Divergence Audit Continues.html,TERMINAL AUDIT: STRUCTURAL DIVERGENCE,Standalone,NO,N/A
source_markdown\THE CONVERGENCE 1 Story\Balaji_Force_Diagram_Visual_Story.html,The Force Diagram of Disunion — A Visual Story,Standalone,NO,N/A
source_markdown\The Turtles and the Floor\Tangents\T4b_structural_isomorphism.html,The Structural Isomorphism — Proof by Architecture,Standalone,NO,N/A
source_markdown\The Turtles and the Floor\theophysics_logical_framework_v1.html,Theophysics Logical Framework v1,Standalone,NO,N/A
technology-entropy-moral-decline.html,"The Entropic Society — Technology, Obsolescence, and Moral Decline",Standalone,YES,index.html
ten-laws-full-treatment.html,The Ten Laws — Full Treatment | Theophysics,Standalone,YES,index.html
the-24-anti-properties.html,The 24 Anti-Properties â€” What the Adversary Is Made Of,Standalone,YES,index.html
the-93-year-floor.html,The 93-Year Floor | Theophysics,Standalone,YES,index.html
the-attack-surface.html,The Attack Surface — Theophysics,Standalone,YES,index.html
the-father-as-source-field.html,The Father as Source Field — Theophysics,Standalone,YES,index.html
the-floor-beneath-the-floor.html,The Floor Beneath the Floor | Theophysics,Standalone,YES,index.html
the-same-equation.html,The Same Equation — Theophysics Visual Proof,Standalone,YES,index.html
The_Logos_Thesis_v3.html,The Logos Thesis — Theophysics,Standalone,YES,index.html
theophysics-the-full-explanation.html,Theophysics: The Full Explanation,Standalone,YES,index.html
timeline-american-moral-decline.html,Timeline of American Moral Decline — Historical Analysis (1900&ndash;Present),Standalone,YES,index.html
we-ran-the-tests.html,We Ran the Tests — Theophysics,Standalone,YES,index.html
why-grace-from-outside.html,Why Grace Has to Come from Outside — Theophysics,Standalone,YES,index.html
